{"cameraMode":{"drawMode":0,"name":"Shaded","section":"Shading Mode"},"sceneLighting":true,"audioPlay":false,"sceneViewState":{"m_AlwaysRefresh":false,"showFog":true,"showSkybox":true,"showFlares":true,"showImageEffects":true,"showParticleSystems":true,"showVisualEffectGraphs":true,"m_FxEnabled":true},"in2DMode":false,"pivot":{"x":27.143280029296876,"y":-4.568326473236084,"z":-3.8187291622161867},"rotation":{"x":-0.37889912724494936,"y":-0.43493586778640749,"z":0.20864975452423097,"w":-0.7897928357124329},"size":17.950878143310548,"orthographic":false}