{"count":1,"self":1789.2087807999999,"total":1789.4087134,"children":{"InitializeActuators":{"count":1,"self":0.0019949,"total":0.0019949,"children":null},"InitializeSensors":{"count":1,"self":0.0010306,"total":0.0010306,"children":null},"AgentSendState":{"count":6152,"self":0.0133178,"total":0.0328734,"children":{"CollectObservations":{"count":1231,"self":0.013040099999999999,"total":0.013040099999999999,"children":null},"WriteActionMask":{"count":1231,"self":0.0029944,"total":0.0029944,"children":null},"RequestDecision":{"count":1231,"self":0.0035210999999999997,"total":0.0035210999999999997,"children":null}}},"DecideAction":{"count":6152,"self":0.0406969,"total":0.0406969,"children":null},"AgentAct":{"count":6152,"self":0.12186469999999999,"total":0.12186469999999999,"children":null}},"gauges":{},"metadata":{"timer_format_version":"0.1.0","start_time_seconds":"1681510645","unity_version":"2021.3.18f1","command_line_arguments":"C:\\Program Files\\Unity\\Hub\\Editor\\2021.3.18f1\\Editor\\Unity.exe","communication_protocol_version":"1.5.0","com.unity.ml-agents_version":"2.0.1","scene_name":"DesertLevel","end_time_seconds":"1681512435"}}