{"count":1,"self":119.9510528,"total":124.31508579999999,"children":{"InitializeActuators":{"count":6,"self":0.0009975,"total":0.0009975,"children":null},"InitializeSensors":{"count":6,"self":0.0019949,"total":0.0019949,"children":null},"AgentSendState":{"count":5960,"self":0.50718679999999994,"total":0.5634956,"children":{"CollectObservations":{"count":7152,"self":0.029277599999999997,"total":0.029277599999999997,"children":null},"WriteActionMask":{"count":7152,"self":0.0069584999999999994,"total":0.0069584999999999994,"children":null},"RequestDecision":{"count":7152,"self":0.0200727,"total":0.0200727,"children":null}}},"DecideAction":{"count":5960,"self":3.5024135999999997,"total":3.5224697,"children":{"RayPerceptionSensor.Perceive":{"count":17880,"self":0.0200563,"total":0.0200563,"children":null}}},"AgentAct":{"count":5960,"self":0.2750804,"total":0.2750804,"children":null}},"gauges":{},"metadata":{"timer_format_version":"0.1.0","start_time_seconds":"1688611873","unity_version":"2021.3.18f1","command_line_arguments":"C:\\Program Files\\Unity\\Hub\\Editor\\2021.3.18f1\\Editor\\Unity.exe","communication_protocol_version":"1.5.0","com.unity.ml-agents_version":"2.0.1","scene_name":"DesertLevel","end_time_seconds":"1688611998"}}