{"count":1,"self":109.77241599999999,"total":113.3190844,"children":{"InitializeActuators":{"count":17,"self":0.0023482999999999998,"total":0.0023482999999999998,"children":null},"InitializeSensors":{"count":17,"self":0.0041277,"total":0.0041277,"children":null},"AgentSendState":{"count":5145,"self":0.43140059999999997,"total":0.46318129999999996,"children":{"CollectObservations":{"count":6147,"self":0.015895799999999998,"total":0.015895799999999998,"children":null},"WriteActionMask":{"count":6147,"self":0.0034436,"total":0.0034436,"children":null},"RequestDecision":{"count":6147,"self":0.012441299999999999,"total":0.012441299999999999,"children":null}}},"DecideAction":{"count":5145,"self":2.875977,"total":2.8991449,"children":{"RayPerceptionSensor.Perceive":{"count":15435,"self":0.023167899999999998,"total":0.023167899999999998,"children":null}}},"AgentAct":{"count":5145,"self":0.1778651,"total":0.1778651,"children":null}},"gauges":{},"metadata":{"timer_format_version":"0.1.0","start_time_seconds":"1688617063","unity_version":"2021.3.18f1","command_line_arguments":"C:\\Program Files\\Unity\\Hub\\Editor\\2021.3.18f1\\Editor\\Unity.exe","communication_protocol_version":"1.5.0","com.unity.ml-agents_version":"2.0.1","scene_name":"MainMenu","end_time_seconds":"1688617176"}}