{"count":1,"self":220.1312768,"total":228.7849283,"children":{"InitializeActuators":{"count":28,"self":0.0025085999999999997,"total":0.0025085999999999997,"children":null},"InitializeSensors":{"count":28,"self":0.0039888,"total":0.0039888,"children":null},"AgentSendState":{"count":11075,"self":0.94872519999999994,"total":1.0567473,"children":{"CollectObservations":{"count":13053,"self":0.067266499999999993,"total":0.067266499999999993,"children":null},"WriteActionMask":{"count":13053,"self":0.0070675,"total":0.0070675,"children":null},"RequestDecision":{"count":13053,"self":0.0336881,"total":0.0336881,"children":null}}},"DecideAction":{"count":11075,"self":7.0385032,"total":7.0830576999999995,"children":{"RayPerceptionSensor.Perceive":{"count":33225,"self":0.0445545,"total":0.0445545,"children":null}}},"AgentAct":{"count":11075,"self":0.50534139999999994,"total":0.50534139999999994,"children":null}},"gauges":{},"metadata":{"timer_format_version":"0.1.0","start_time_seconds":"1688691274","unity_version":"2021.3.18f1","command_line_arguments":"C:\\Program Files\\Unity\\Hub\\Editor\\2021.3.18f1\\Editor\\Unity.exe","communication_protocol_version":"1.5.0","com.unity.ml-agents_version":"2.0.1","scene_name":"SnowLevel","end_time_seconds":"1688691503"}}